u_id,password
root,root
T0001,T0001
T0002,T0002
T0003,T0003
T0004,T0004
T0005,T0005
T0006,T0006
T0007,T0007
T0008,T0008
T0009,T0009
T0010,T0010
T0011,T0011
T0012,T0012
T0013,T0013
T0014,T0014
T0015,T0015
T0016,T0016
T0017,T0017
T0018,T0018
T0019,T0019
T0020,T0020
T0021,T0021
T0022,T0022
T0023,T0023
T0024,T0024
T0025,T0025
T0026,T0026
T0027,T0027
T0028,T0028
T0029,T0029
T0030,T0030
T0031,T0031
T0032,T0032
T0033,T0033
T0034,T0034
T0035,T0035
T0036,T0036
T0037,T0037
T0038,T0038
T0039,T0039
T0040,T0040
S0001,S0001
S0002,S0002
S0003,S0003
S0004,S0004
S0005,S0005
S0006,S0006
S0007,S0007
S0008,S0008
S0009,S0009
S0010,S0010
S0011,S0011
S0012,S0012
S0013,S0013
S0014,S0014
S0015,S0015
S0016,S0016
S0017,S0017
S0018,S0018
S0019,S0019
S0020,S0020
S0021,S0021
S0022,S0022
S0023,S0023
S0024,S0024
S0025,S0025
S0026,S0026
S0027,S0027
S0028,S0028
S0029,S0029
S0030,S0030
S0031,S0031
S0032,S0032
S0033,S0033
S0034,S0034
S0035,S0035
S0036,S0036
S0037,S0037
S0038,S0038
S0039,S0039
S0040,S0040
S0041,S0041
S0042,S0042
S0043,S0043
S0044,S0044
S0045,S0045
S0046,S0046
S0047,S0047
S0048,S0048
S0049,S0049
S0050,S0050
S0051,S0051
S0052,S0052
S0053,S0053
S0054,S0054
S0055,S0055
S0056,S0056
S0057,S0057
S0058,S0058
S0059,S0059
S0060,S0060
